<?xml version="1.0"?>
<!DOCTYPE module PUBLIC
          "-//Checkstyle//DTD Checkstyle Configuration 1.3//EN"
          "https://checkstyle.org/dtds/configuration_1_3.dtd">

<!--

  Checkstyle configuration that checks the sun coding conventions from:

    - the Java Language Specification at
      https://docs.oracle.com/javase/specs/jls/se11/html/index.html

    - the Sun Code Conventions at https://www.oracle.com/technetwork/java/codeconvtoc-136057.html

    - the Javadoc guidelines at
      https://www.oracle.com/technetwork/java/javase/documentation/index-137868.html

    - the JDK Api documentation https://docs.oracle.com/en/java/javase/11/

    - some best practices

  Checkstyle is very configurable. Be sure to read the documentation at
  https://checkstyle.org (or in your downloaded distribution).

  Most Checks are configurable, be sure to consult the documentation.

  To completely disable a check, just comment it out or delete it from the file.
  To suppress certain violations please review suppression filters.

  Finally, it is worth reading the documentation.

-->

<module name="Checker">
    <!--
        If you set the basedir property below, then all reported file
        names will be relative to the specified directory. See
        https://checkstyle.org/5.x/config.html#Checker

        <property name="basedir" value="${basedir}"/>
    -->
    <property name="severity" value="error"/>

    <property name="fileExtensions" value="java, properties, xml"/>

    <!-- Excludes all 'module-info.java' files              -->
    <!-- See https://checkstyle.org/config_filefilters.html -->
    <module name="BeforeExecutionExclusionFileFilter">
        <property name="fileNamePattern" value="module\-info\.java$"/>
    </module>

    <!-- https://checkstyle.org/config_filters.html#SuppressionFilter -->
    <module name="SuppressionFilter">
        <property name="file" value="${org.checkstyle.sun.suppressionfilter.config}"
                  default="checkstyle-suppressions.xml" />
        <property name="optional" value="true"/>
    </module>

    <!-- Checks that a package-info.java file exists for each package.     -->
    <!-- See https://checkstyle.org/config_javadoc.html#JavadocPackage -->
    <!-- MM: Disabled (too verbose given our small project).
    <module name="JavadocPackage"/>
    -->

    <!-- Checks whether files end with a new line.                        -->
    <!-- See https://checkstyle.org/config_misc.html#NewlineAtEndOfFile -->
    <module name="NewlineAtEndOfFile"/>

    <!-- Checks that property files contain the same keys.         -->
    <!-- See https://checkstyle.org/config_misc.html#Translation -->
    <module name="Translation"/>

    <!-- Checks for Size Violations.                    -->
    <!-- See https://checkstyle.org/config_sizes.html -->
    <module name="FileLength"/>

    <module name="LineLength">
        <!-- MM: Added compared to SUN's default (80) -->
        <property name="max" value="100"/>
        <property name="ignorePattern" value="^package.*|^import.*|a href|href|http://|https://|ftp://"/>
        <property name="fileExtensions" value="java"/>
    </module>

    <!-- Checks for whitespace                               -->
    <!-- See https://checkstyle.org/config_whitespace.html -->
    <!-- MM: not forbidden officially.
    <module name="FileTabCharacter"/>
    -->

    <!-- Miscellaneous other checks.                   -->
    <!-- See https://checkstyle.org/config_misc.html -->
    <!-- MM: disabled, to avoid disturbing students with invisible stuff.
    <module name="RegexpSingleline">
       <property name="format" value="\s+$"/>
       <property name="minimum" value="0"/>
       <property name="maximum" value="0"/>
       <property name="message" value="Line has trailing spaces."/>
    </module>
-->

    <!-- Checks for Headers                                -->
    <!-- See https://checkstyle.org/config_header.html   -->
    <!-- <module name="Header"> -->
    <!--   <property name="headerFile" value="${checkstyle.header.file}"/> -->
    <!--   <property name="fileExtensions" value="java"/> -->
    <!-- </module> -->

    <module name="TreeWalker">

        <!-- Checks for Javadoc comments.                     -->
        <!-- See https://checkstyle.org/config_javadoc.html -->
        <module name="InvalidJavadocPosition"/>
        <module name="JavadocMethod">
            <!-- MM: This is often included in the short description, don't force the tag. -->
            <property name="allowMissingReturnTag" value="true"/>
            <property name="allowMissingParamTags" value="true"/>
        </module>
        <module name="JavadocType"/>
        <module name="MissingJavadocType"/>
        <!-- MM: Disabled: if the methods are documented, private variables may not need JavaDoc
        <module name="JavadocVariable"/>
        -->
        <module name="JavadocStyle"/>
        <!-- MM: Javadoc for getters and setters are usually redundant with the name. -->
        <module name="MissingJavadocMethod">
            <property name="allowMissingPropertyJavadoc" value="true"/>
        </module>

        <!-- Checks for Naming Conventions.                  -->
        <!-- See https://checkstyle.org/config_naming.html -->
        <module name="ConstantName"/>
        <module name="LocalFinalVariableName"/>
        <module name="LocalVariableName"/>
        <module name="MemberName"/>
        <module name="MethodName"/>
        <module name="PackageName"/>
        <module name="ParameterName"/>
        <module name="StaticVariableName"/>
        <module name="TypeName"/>

        <!-- Checks for imports                              -->
        <!-- See https://checkstyle.org/checks/imports/index.html -->
        <module name="AvoidStarImport">
            <!-- MM: it's common to import all matchers, and it's less of a problem in tests -->
            <property name="excludes" value="org.hamcrest.Matchers" />
        </module>
        <module name="IllegalImport"/> <!-- defaults to sun.* packages -->
        <module name="RedundantImport"/>
        <module name="UnusedImports">
            <property name="processJavadoc" value="false"/>
        </module>

        <!-- Checks for Size Violations.                    -->
        <!-- See https://checkstyle.org/config_sizes.html -->
        <module name="MethodLength"/>
        <module name="ParameterNumber"/>

        <!-- Checks for whitespace                               -->
        <!-- See https://checkstyle.org/config_whitespace.html -->
        <module name="EmptyForIteratorPad"/>
        <module name="GenericWhitespace"/>
        <module name="MethodParamPad"/>
        <module name="NoWhitespaceAfter"/>
        <module name="NoWhitespaceBefore"/>
        <module name="OperatorWrap"/>
        <module name="ParenPad"/>
        <module name="TypecastParenPad"/>
        <module name="WhitespaceAfter"/>
        <module name="WhitespaceAround"/>

        <!-- Modifier Checks                                    -->
        <!-- See https://checkstyle.org/config_modifiers.html -->
        <module name="ModifierOrder"/>
        <module name="RedundantModifier"/>

        <!-- Checks for blocks. You know, those {}'s         -->
        <!-- See https://checkstyle.org/config_blocks.html -->
        <module name="AvoidNestedBlocks"/>
        <module name="EmptyBlock"/>
        <module name="LeftCurly"/>
        <module name="NeedBraces"/>
        <module name="RightCurly"/>

        <!-- Checks for common coding problems               -->
        <!-- See https://checkstyle.org/config_coding.html -->
        <module name="EmptyStatement"/>
        <module name="EqualsHashCode"/>
        <!-- MM: Disabled, as it's a common pattern to have param and field with
        the same name for setters.
        <module name="HiddenField"/>
        -->
        <module name="IllegalInstantiation"/>
        <module name="InnerAssignment"/>
        <!-- MM: Disabled, to make checkstyle a bit less verbose, but it's still
            a good idea to avoid magic numbers
        <module name="MagicNumber"/>
        -->
        <module name="MissingSwitchDefault"/>
        <module name="MultipleVariableDeclarations"/>
        <module name="SimplifyBooleanExpression"/>
        <module name="SimplifyBooleanReturn"/>

        <!-- Checks for class design                         -->
        <!-- See https://checkstyle.org/config_design.html -->
        <!-- MM: Disabled because too verbose and a bit tricky to understand.
        <module name="DesignForExtension"/>
        -->
        <module name="FinalClass"/>
        <module name="HideUtilityClassConstructor"/>
        <module name="InterfaceIsType"/>
        <module name="VisibilityModifier"/>

        <!-- Miscellaneous other checks.                   -->
        <!-- See https://checkstyle.org/config_misc.html -->
        <module name="ArrayTypeStyle"/>
        <module name="FinalParameters"/>

        <!-- MM: We're providing a skeleton with TODO comments, let's not bother
            students with associated warnings.
        <module name="TodoComment"/>
        -->
        <module name="UpperEll"/>

        <!-- https://checkstyle.org/config_filters.html#SuppressionXpathFilter -->
        <module name="SuppressionXpathFilter">
            <property name="file" value="${org.checkstyle.sun.suppressionxpathfilter.config}"
                      default="checkstyle-xpath-suppressions.xml" />
            <property name="optional" value="true"/>
        </module>

    </module>

</module>
